{
  "absolute": {
    "12": {
      " ": 3.328125,
      "!": 3.328125,
      "\"": 4.265625,
      "#": 6.671875,
      "$": 6.671875,
      "%": 10.671875,
      "&": 8.0,
      "'": 2.296875,
      "(": 4.0,
      ")": 4.0,
      "*": 4.671875,
      "+": 7.015625,
      ",": 3.328125,
      "-": 4.0,
      ".": 3.328125,
      "/": 3.328125,
      "0": 6.671875,
      "1": 6.671875,
      "2": 6.671875,
      "3": 6.671875,
      "4": 6.671875,
      "5": 6.671875,
      "6": 6.671875,
      "7": 6.671875,
      "8": 6.671875,
      "9": 6.671875,
      ":": 3.328125,
      ";": 3.328125,
      "<": 7.015625,
      "=": 7.015625,
      ">": 7.015625,
      "?": 6.671875,
      "@": 12.1875,
      "A": 8.0,
      "B": 8.0,
      "C": 8.671875,
      "D": 8.671875,
      "E": 8.0,
      "F": 7.328125,
      "G": 9.328125,
      "H": 8.671875,
      "I": 3.328125,
      "J": 6.0,
      "K": 8.0,
      "L": 6.671875,
      "M": 10.0,
      "N": 8.671875,
      "O": 9.328125,
      "P": 8.0,
      "Q": 9.328125,
      "R": 8.671875,
      "S": 8.0,
      "T": 7.328125,
      "U": 8.671875,
      "V": 8.0,
      "W": 11.328125,
      "X": 8.0,
      "Y": 8.0,
      "Z": 7.328125,
      "[": 3.328125,
      "\\": 3.328125,
      "]": 3.328125,
      "^": 5.625,
      "_": 6.0,
      "`": 4.0,
      "a": 6.671875,
      "b": 6.671875,
      "c": 6.0,
      "d": 6.671875,
      "e": 6.671875,
      "f": 3.328125,
      "g": 6.671875,
      "h": 6.671875,
      "i": 2.671875,
      "j": 2.671875,
      "k": 6.0,
      "l": 2.671875,
      "m": 10.0,
      "n": 6.671875,
      "o": 6.671875,
      "p": 6.671875,
      "q": 6.671875,
      "r": 4.0,
      "s": 6.0,
      "t": 3.328125,
      "u": 6.671875,
      "v": 6.0,
      "w": 8.671875,
      "x": 6.0,
      "y": 6.0,
      "z": 6.0,
      "{": 4.015625,
      "|": 3.125,
      "}": 4.015625,
      "~": 7.015625
    },
    "14": {
      " ": 3.890625,
      "!": 3.890625,
      "\"": 4.96875,
      "#": 7.78125,
      "$": 7.78125,
      "%": 12.453125,
      "&": 9.34375,
      "'": 2.671875,
      "(": 4.65625,
      ")": 4.65625,
      "*": 5.453125,
      "+": 8.171875,
      ",": 3.890625,
      "-": 4.65625,
      ".": 3.890625,
      "/": 3.890625,
      "0": 7.78125,
      "1": 7.78125,
      "2": 7.78125,
      "3": 7.78125,
      "4": 7.78125,
      "5": 7.78125,
      "6": 7.78125,
      "7": 7.78125,
      "8": 7.78125,
      "9": 7.78125,
      ":": 3.890625,
      ";": 3.890625,
      "<": 8.171875,
      "=": 8.171875,
      ">": 8.171875,
      "?": 7.78125,
      "@": 14.21875,
      "A": 9.34375,
      "B": 9.34375,
      "C": 10.109375,
      "D": 10.109375,
      "E": 9.34375,
      "F": 8.546875,
      "G": 10.890625,
      "H": 10.109375,
      "I": 3.890625,
      "J": 7.0,
      "K": 9.34375,
      "L": 7.78125,
      "M": 11.65625,
      "N": 10.109375,
      "O": 10.890625,
      "P": 9.34375,
      "Q": 10.890625,
      "R": 10.109375,
      "S": 9.34375,
      "T": 8.546875,
      "U": 10.109375,
      "V": 9.34375,
      "W": 13.21875,
      "X": 9.34375,
      "Y": 9.34375,
      "Z": 8.546875,
      "[": 3.890625,
      "\\": 3.890625,
      "]": 3.890625,
      "^": 6.5625,
      "_": 7.0,
      "`": 4.65625,
      "a": 7.78125,
      "b": 7.78125,
      "c": 7.0,
      "d": 7.78125,
      "e": 7.78125,
      "f": 3.890625,
      "g": 7.78125,
      "h": 7.78125,
      "i": 3.109375,
      "j": 3.109375,
      "k": 7.0,
      "l": 3.109375,
      "m": 11.65625,
      "n": 7.78125,
      "o": 7.78125,
      "p": 7.78125,
      "q": 7.78125,
      "r": 4.65625,
      "s": 7.0,
      "t": 3.890625,
      "u": 7.78125,
      "v": 7.0,
      "w": 10.109375,
      "x": 7.0,
      "y": 7.0,
      "z": 7.0,
      "{": 4.671875,
      "|": 3.640625,
      "}": 4.671875,
      "~": 8.171875
    },
    "16": {
      " ": 4.453125,
      "!": 4.453125,
      "\"": 5.6875,
      "#": 8.90625,
      "$": 8.90625,
      "%": 14.234375,
      "&": 10.671875,
      "'": 3.0625,
      "(": 5.328125,
      ")": 5.328125,
      "*": 6.234375,
      "+": 9.34375,
      ",": 4.453125,
      "-": 5.328125,
      ".": 4.453125,
      "/": 4.453125,
      "0": 8.90625,
      "1": 8.90625,
      "2": 8.90625,
      "3": 8.90625,
      "4": 8.90625,
      "5": 8.90625,
      "6": 8.90625,
      "7": 8.90625,
      "8": 8.90625,
      "9": 8.90625,
      ":": 4.453125,
      ";": 4.453125,
      "<": 9.34375,
      "=": 9.34375,
      ">": 9.34375,
      "?": 8.90625,
      "@": 16.25,
      "A": 10.671875,
      "B": 10.671875,
      "C": 11.5625,
      "D": 11.5625,
      "E": 10.671875,
      "F": 9.78125,
      "G": 12.453125,
      "H": 11.5625,
      "I": 4.453125,
      "J": 8.0,
      "K": 10.671875,
      "L": 8.90625,
      "M": 13.328125,
      "N": 11.5625,
      "O": 12.453125,
      "P": 10.671875,
      "Q": 12.453125,
      "R": 11.5625,
      "S": 10.671875,
      "T": 9.78125,
      "U": 11.5625,
      "V": 10.671875,
      "W": 15.109375,
      "X": 10.671875,
      "Y": 10.671875,
      "Z": 9.78125,
      "[": 4.453125,
      "\\": 4.453125,
      "]": 4.453125,
      "^": 7.515625,
      "_": 8.0,
      "`": 5.328125,
      "a": 8.90625,
      "b": 8.90625,
      "c": 8.0,
      "d": 8.90625,
      "e": 8.90625,
      "f": 4.453125,
      "g": 8.90625,
      "h": 8.90625,
      "i": 3.5625,
      "j": 3.5625,
      "k": 8.0,
      "l": 3.5625,
      "m": 13.328125,
      "n": 8.90625,
      "o": 8.90625,
      "p": 8.90625,
      "q": 8.90625,
      "r": 5.328125,
      "s": 8.0,
      "t": 4.453125,
      "u": 8.90625,
      "v": 8.0,
      "w": 11.5625,
      "x": 8.0,
      "y": 8.0,
      "z": 8.0,
      "{": 5.34375,
      "|": 4.15625,
      "}": 5.34375,
      "~": 9.34375
    }
  },
  "relative": {
    "12": {
      " ": 0.5546875,
      "!": 0.5546875,
      "\"": 0.7109375,
      "#": 1.1119791666666667,
      "$": 1.1119791666666667,
      "%": 1.7786458333333333,
      "&": 1.3333333333333333,
      "'": 0.3828125,
      "(": 0.6666666666666666,
      ")": 0.6666666666666666,
      "*": 0.7786458333333334,
      "+": 1.1692708333333333,
      ",": 0.5546875,
      "-": 0.6666666666666666,
      ".": 0.5546875,
      "/": 0.5546875,
      "0": 1.1119791666666667,
      "1": 1.1119791666666667,
      "2": 1.1119791666666667,
      "3": 1.1119791666666667,
      "4": 1.1119791666666667,
      "5": 1.1119791666666667,
      "6": 1.1119791666666667,
      "7": 1.1119791666666667,
      "8": 1.1119791666666667,
      "9": 1.1119791666666667,
      ":": 0.5546875,
      ";": 0.5546875,
      "<": 1.1692708333333333,
      "=": 1.1692708333333333,
      ">": 1.1692708333333333,
      "?": 1.1119791666666667,
      "@": 2.03125,
      "A": 1.3333333333333333,
      "B": 1.3333333333333333,
      "C": 1.4453125,
      "D": 1.4453125,
      "E": 1.3333333333333333,
      "F": 1.2213541666666667,
      "G": 1.5546875,
      "H": 1.4453125,
      "I": 0.5546875,
      "J": 1.0,
      "K": 1.3333333333333333,
      "L": 1.1119791666666667,
      "M": 1.6666666666666667,
      "N": 1.4453125,
      "O": 1.5546875,
      "P": 1.3333333333333333,
      "Q": 1.5546875,
      "R": 1.4453125,
      "S": 1.3333333333333333,
      "T": 1.2213541666666667,
      "U": 1.4453125,
      "V": 1.3333333333333333,
      "W": 1.8880208333333333,
      "X": 1.3333333333333333,
      "Y": 1.3333333333333333,
      "Z": 1.2213541666666667,
      "[": 0.5546875,
      "\\": 0.5546875,
      "]": 0.5546875,
      "^": 0.9375,
      "_": 1.0,
      "`": 0.6666666666666666,
      "a": 1.1119791666666667,
      "b": 1.1119791666666667,
      "c": 1.0,
      "d": 1.1119791666666667,
      "e": 1.1119791666666667,
      "f": 0.5546875,
      "g": 1.1119791666666667,
      "h": 1.1119791666666667,
      "i": 0.4453125,
      "j": 0.4453125,
      "k": 1.0,
      "l": 0.4453125,
      "m": 1.6666666666666667,
      "n": 1.1119791666666667,
      "o": 1.1119791666666667,
      "p": 1.1119791666666667,