{
  "font": "Arial",
  "repetitions": 21,
  "sizes": {
    "12": {
      "single_widths": {
        "a": 6.671875,
        "b": 6.671875,
        "c": 6.0,
        "d": 6.671875,
        "e": 6.671875,
        "f": 3.328125,
        "g": 6.671875,
        "h": 6.671875,
        "i": 2.671875,
        "j": 2.671875,
        "k": 6.0,
        "l": 2.671875,
        "m": 10.0,
        "n": 6.671875,
        "o": 6.671875,
        "p": 6.671875,
        "q": 6.671875,
        "r": 4.0,
        "s": 6.0,
        "t": 3.328125,
        "u": 6.671875,
        "v": 6.0,
        "w": 8.671875,
        "x": 6.0,
        "y": 6.0,
        "z": 6.0,
        "A": 8.0,
        "B": 8.0,
        "C": 8.671875,
        "D": 8.671875,
        "E": 8.0,
        "F": 7.328125,
        "G": 9.328125,
        "H": 8.671875,
        "I": 3.328125,
        "J": 6.0,
        "K": 8.0,
        "L": 6.671875,
        "M": 10.0,
        "N": 8.671875,
        "O": 9.328125,
        "P": 8.0,
        "Q": 9.328125,
        "R": 8.671875,
        "S": 8.0,
        "T": 7.328125,
        "U": 8.671875,
        "V": 8.0,
        "W": 11.328125,
        "X": 8.0,
        "Y": 8.0,
        "Z": 7.328125,
        "0": 6.671875,
        "1": 6.671875,
        "2": 6.671875,
        "3": 6.671875,
        "4": 6.671875,
        "5": 6.671875,
        "6": 6.671875,
        "7": 6.671875,
        "8": 6.671875,
        "9": 6.671875,
        "!": 3.328125,
        "\"": 4.265625,
        "#": 6.671875,
        "$": 6.671875,
        "%": 10.671875,
        "&": 8.0,
        "'": 2.296875,
        "(": 4.0,
        ")": 4.0,
        "*": 4.671875,
        "+": 7.015625,
        ",": 3.328125,
        "-": 4.0,
        ".": 3.328125,
        "/": 3.328125,
        ":": 3.328125,
        ";": 3.328125,
        "<": 7.015625,
        "=": 7.015625,
        ">": 7.015625,
        "?": 6.671875,
        "@": 12.1875,
        "[": 3.328125,
        "\\": 3.328125,
        "]": 3.328125,
        "^": 5.625,
        "_": 6.0,
        "`": 4.0,
        "{": 4.015625,
        "|": 3.125,
        "}": 4.015625,
        "~": 7.015625,
        " ": 3.328125,
        "\u2610": 8.8125
      },
      "multi_widths": {
        "a": 6.671875,
        "b": 6.671875,
        "c": 6.0,
        "d": 6.671875,
        "e": 6.671875,
        "f": 3.328125,
        "g": 6.671875,
        "h": 6.671875,
        "i": 2.671875,
        "j": 2.671875,
        "k": 6.0,
        "l": 2.671875,
        "m": 10.0,
        "n": 6.671875,
        "o": 6.671875,
        "p": 6.671875,
        "q": 6.671875,
        "r": 4.0,
        "s": 6.0,
        "t": 3.328125,
        "u": 6.671875,
        "v": 6.0,
        "w": 8.671875,
        "x": 6.0,
        "y": 6.0,
        "z": 6.0,
        "A": 8.0,
        "B": 8.0,
        "C": 8.671875,
        "D": 8.671875,
        "E": 8.0,
        "F": 7.328125,
        "G": 9.328125,
        "H": 8.671875,
        "I": 3.328125,
        "J": 6.0,
        "K": 8.0,
        "L": 6.671875,
        "M": 10.0,
        "N": 8.671875,
        "O": 9.328125,
        "P": 8.0,
        "Q": 9.328125,
        "R": 8.671875,
        "S": 8.0,
        "T": 7.328125,
        "U": 8.671875,
        "V": 8.0,
        "W": 11.328125,
        "X": 8.0,
        "Y": 8.0,
        "Z": 7.328125,
        "0": 6.671875,
        "1": 6.671875,
        "2": 6.671875,
        "3": 6.671875,
        "4": 6.671875,
        "5": 6.671875,
        "6": 6.671875,
        "7": 6.671875,
        "8": 6.671875,
        "9": 6.671875,
        "!": 3.328125,
        "\"": 4.265625,
        "#": 6.671875,
        "$": 6.671875,
        "%": 10.671875,
        "&": 8.0,
        "'": 2.296875,
        "(": 4.0,
        ")": 4.0,
        "*": 4.671875,
        "+": 7.015625,
        ",": 3.328125,
        "-": 4.0,
        ".": 3.328125,
        "/": 3.328125,
        ":": 3.328125,
        ";": 3.328125,
        "<": 7.015625,
        "=": 7.015625,
        ">": 7.015625,
        "?": 6.671875,
        "@": 12.1875,
        "[": 3.328125,
        "\\": 3.328125,
        "]": 3.328125,
        "^": 5.625,
        "_": 6.0,
        "`": 4.0,
        "{": 4.015625,
        "|": 3.125,
        "}": 4.015625,
        "~": 7.015625,
        " ": 3.328125,
        "\u2610": 8.8125
      }
    },
    "16": {
      "single_widths": {
        "a": 8.90625,
        "b": 8.90625,
        "c": 8.0,
        "d": 8.90625,
        "e": 8.90625,
        "f": 4.453125,
        "g": 8.90625,
        "h": 8.90625,
        "i": 3.5625,
        "j": 3.5625,
        "k": 8.0,
        "l": 3.5625,
        "m": 13.328125,
        "n": 8.90625,
        "o": 8.90625,
        "p": 8.90625,
        "q": 8.90625,
        "r": 5.328125,
        "s": 8.0,
        "t": 4.453125,
        "u": 8.90625,
        "v": 8.0,
        "w": 11.5625,
        "x": 8.0,
        "y": 8.0,
        "z": 8.0,
        "A": 10.671875,
        "B": 10.671875,
        "C": 11.5625,
        "D": 11.5625,
        "E": 10.671875,
        "F": 9.78125,
        "G": 12.453125,
        "H": 11.5625,
        "I": 4.453125,
        "J": 8.0,
        "K": 10.671875,
        "L": 8.90625,
        "M": 13.328125,
        "N": 11.5625,
        "O": 12.453125,
        "P": 10.671875,
        "Q": 12.453125,
        "R": 11.5625,
        "S": 10.671875,
        "T": 9.78125,
        "U": 11.5625,
        "V": 10.671875,
        "W": 15.109375,
        "X": 10.671875,
        "Y": 10.671875,
        "Z": 9.78125,
        "0": 8.90625,
        "1": 8.90625,
        "2": 8.90625,
        "3": 8.90625,
        "4": 8.90625,
        "5": 8.90625,
        "6": 8.90625,
        "7": 8.90625,
        "8": 8.90625,
        "9": 8.90625,
        "!": 4.453125,
        "\"": 5.6875,
        "#": 8.90625,
        "$": 8.90625,
        "%": 14.234375,
        "&": 10.671875,
        "'": 3.0625,
        "(": 5.328125,
        ")": 5.328125,
        "*": 6.234375,
        "+": 9.34375,
        ",": 4.453125,
        "-": 5.328125,
        ".": 4.453125,
        "/": 4.453125,
        ":": 4.453125,
        ";": 4.453125,
        "<": 9.34375,
        "=": 9.34375,
        ">": 9.34375,
        "?": 8.90625,
        "@": 16.25,
        "[": 4.453125,
        "\\": 4.453125,
        "]": 4.453125,
        "^": 7.515625,
        "_": 8.0,
        "`": 5.328125,
        "{": 5.34375,
        "|": 4.15625,
        "}": 5.34375,
        "~": 9.34375,
        " ": 4.453125,
        "\u2610": 11.75
      },
      "multi_widths": {
        "a": 8.90625,
        "b": 8.90625,
        "c": 8.0,
        "d": 8.90625,
        "e": 8.90625,
        "f": 4.453125,
        "g": 8.90625,
        "h": 8.90625,
        "i": 3.5625,
        "j": 3.5625,
        "k": 8.0,
        "l": 3.5625,
        "m": 13.328125,
        "n": 8.90625,
        "o": 8.90625,
        "p": 8.90625,
        "q": 8.90625,
        "r": 5.328125,
        "s": 8.0,
        "t": 4.453125,
        "u": 8.90625,
        "v": 8.0,
        "w": 11.5625,
        "x": 8.0,
        "y": 8.0,
        "z": 8.0,
        "A": 10.671875,
        "B": 10.671875,
        "C": 11.5625,
        "D": 11.5625,
        "E": 10.671875,
        "F": 9.78125,
        "G": 12.453125,
        "H": 11.5625,
        "I": 4.453125,
        "J": 8.0,
        "K": 10.671875,
        "L": 8.90625,
        "M": 13.328125,
        "N": 11.5625,
        "O": 12.453125,
        "P": 10.671875,
        "Q": 12.453125,
        "R": 11.5625,
        "S": 10.671875,
        "T": 9.78125,
        "U": 11.5625,
        "V": 10.671875,
        "W": 15.109375,
        "X": 10.671875,
        "Y": 10.671875,
        "Z": 9.78125,
        "0": 8.90625,
        "1": 8.90625,
        "2": 8.90625,
        "3": 8.90625,
        "4": 8.90625,
        "5": 8.90625,
        "6": 8.90625,
        "7": 8.90625,
        "8": 8.90625,
        "9": 8.90625,
        "!": 4.453125,
        "\"": 5.6875,
        "#": 8.90625,
        "$": 8.90625,
        "%": 14.234375,
        "&": 10.671875,